"","ID","gender","attitude","speaker","item","meanf0","articulationRate","f0Span","N.x","H1_H2","N.y","meanIntensity","N"
"1","F0_1_Def","F","Def","F0",1,223.972727272727,5.91715976331361,74.425,11,8.3901630795,12,63.6020909090909,11
"2","F0_1_Non","F","Non","F0",1,221.109090909091,6.32911392405063,115.745,11,3.42148018308333,12,64.482,11
"3","F0_10_Def","F","Def","F0",10,231.922222222222,5.11363636363636,67.465,9,7.53751630511111,9,63.4671111111111,9
"4","F0_10_Non","F","Non","F0",10,216.688888888889,6.38297872340425,83.675,9,2.26155851044444,9,65.9785555555556,9
"5","F0_2_Def","F","Def","F0",2,226.2625,5.09554140127389,96.7,8,3.127515228875,8,63.519625,8
"6","F0_2_Non","F","Non","F0",2,219.6,5.75539568345324,80.4,8,2.858119735875,8,66.750375,8
"7","F0_3_Def","F","Def","F0",3,238.877777777778,6.0893098782138,84.11,9,12.68447699,9,60.2083333333333,9
"8","F0_3_Non","F","Non","F0",3,204.366666666667,6.12244897959184,126.15,9,8.53786598866667,9,62.0555555555556,9
"9","F0_4_Def","F","Def","F0",4,218.772727272727,6.01421541826134,67.7,11,7.97151662054545,11,64.341,11
"10","F0_4_Non","F","Non","F0",4,210.136363636364,6.81959082455053,89.83,11,2.42745851654545,11,62.5836363636364,11
"11","F0_5_Def","F","Def","F0",5,248.6625,6.08365019011407,66.435,8,13.5461025198889,9,58.9127777777778,9
"12","F0_5_Non","F","Non","F0",5,238.744444444444,7.40740740740741,100.265,9,3.33943281244444,9,67.3323333333333,9
"13","F0_6_Def","F","Def","F0",6,227.981818181818,5.74712643678161,104.61,11,8.25547744325,12,66.1255454545455,11
"14","F0_6_Non","F","Non","F0",6,217.654545454545,6.78175092478422,87.425,11,2.72256765808333,12,66.6627272727273,11
"15","F0_7_Def","F","Def","F0",7,216.36,5.37056928034372,71.66,10,5.76004214490909,11,59.6275,10
"16","F0_7_Non","F","Non","F0",7,202.39,5.77034045008656,70.64,10,2.357586587,11,61.0527,10
"17","F0_8_Def","F","Def","F0",8,219.7,6.3006300630063,62.375,7,7.54705960075,8,55.913125,8
"18","F0_8_Non","F","Non","F0",8,228.828571428571,7.30688935281837,90.305,7,0.09097525425,8,63.115,8
"19","F0_9_Def","F","Def","F0",9,225.671428571429,5.34351145038168,65.75,7,8.71066027528571,7,62.8333333333333,6
"20","F0_9_Non","F","Non","F0",9,227.057142857143,6.32911392405063,74.255,7,4.82406090971429,7,67.6385,6
"21","F1_1_Def","F","Def","F1",1,245.872727272727,6.21468926553672,44.805,11,9.6223804855,12,62.6260909090909,11
"22","F1_1_Non","F","Non","F1",1,236.827272727273,8.46153846153846,71.03,11,8.5020191805,12,61.6960909090909,11
"23","F1_10_Def","F","Def","F1",10,256.611111111111,5.49450549450549,61.5699999999999,9,8.92249727566667,9,58.2153333333333,9
"24","F1_10_Non","F","Non","F1",10,242.066666666667,6.77710843373494,52.565,9,7.84234603788889,9,59.9775555555556,9
"25","F1_2_Def","F","Def","F1",2,241.828571428571,4.72972972972973,58.675,7,7.35144782075,8,62.05725,8
"26","F1_2_Non","F","Non","F1",2,238.5875,6.6722268557131,25.4099999999999,8,4.2596802715,8,62.82325,8
"27","F1_3_Def","F","Def","F1",3,241.655555555556,6.8649885583524,52.965,9,9.51211555855556,9,59.7871111111111,9
"28","F1_3_Non","F","Non","F1",3,244.688888888889,8.1008100810081,80.99,9,9.84590647111111,9,59.7351111111111,9
"29","F1_4_Def","F","Def","F1",4,244.41,5.65291124929339,69.925,10,9.3178919261,10,62.5411,10
"30","F1_4_Non","F","Non","F1",4,229.61,7.10732054015636,73.77,10,4.3568874938,10,62.5572,10
"31","F1_5_Def","F","Def","F1",5,252,6.78221552373775,40.565,9,8.11412241188889,9,61.8124444444444,9
"32","F1_5_Non","F","Non","F1",5,245.077777777778,8.18926296633303,32.5099999999999,9,5.48237093288889,9,62.8795555555556,9
"33","F1_6_Def","F","Def","F1",6,243.55,6.83994528043776,53.67,10,9.01346645391667,12,60.8336363636364,11
"34","F1_6_Non","F","Non","F1",6,229.218181818182,8.15418828762046,50.68,11,6.85823725433333,12,63.9313636363636,11
"35","F1_7_Def","F","Def","F1",7,242.611111111111,6.0893098782138,48.275,9,8.66773256566667,9,58.6781111111111,9
"36","F1_7_Non","F","Non","F1",7,240.95,7.96812749003984,84.115,8,5.87167772877778,9,62.9626666666667,9
"37","F1_8_Def","F","Def","F1",8,243.65,6.6334991708126,54.56,8,5.7538910585,8,60.343625,8
"38","F1_8_Non","F","Non","F1",8,240.1125,8.60215053763441,77.4999999999999,8,4.63866153175,8,63.8705,8
"39","F1_9_Def","F","Def","F1",9,251.671428571429,5.41795665634675,49.185,7,9.83324223057143,7,59.1833333333333,6
"40","F1_9_Non","F","Non","F1",9,235.471428571429,7.39176346356917,70.4249999999999,7,9.50563856871429,7,65.8496666666667,6
"41","F10_1_Def","F","Def","F10",1,247.072727272727,6.21468926553672,70.15,11,1.23682434758333,12,57.7889090909091,11
"42","F10_1_Non","F","Non","F10",1,250.64,6.09013398294762,90.39,10,-0.434559587083334,12,62.2096363636364,11
"43","F10_10_Def","F","Def","F10",10,280.844444444444,6.07287449392713,134.535,9,0.492021143,9,60.6916666666667,9
"44","F10_10_Non","F","Non","F10",10,273.988888888889,6.36492220650636,115.06,9,-0.950335339,9,65.6188888888889,9
"45","F10_2_Def","F","Def","F10",2,245.285714285714,5.61347233360064,84.86,7,2.000336377875,8,58.152625,8
"46","F10_2_Non","F","Non","F10",2,244.4875,6.10687022900763,74.68,8,-1.742608004375,8,61.42625,8
"47","F10_3_Def","F","Def","F10",3,245.633333333333,5.88620013080445,84.59,9,1.334745245,9,56.4395555555556,9
"48","F10_3_Non","F","Non","F10",3,275.922222222222,7.15421303656598,101.525,9,2.96977900422222,9,63.7902222222222,9
"49","F10_4_Def","F","Def","F10",4,245.04,6.70241286863271,112.405,10,-0.3894705184,10,58.812,10
"50","F10_4_Non","F","Non","F10",4,250.22,7.14285714285714,109.47,10,-1.9982275974,10,62.3569,10
"51","F10_5_Def","F","Def","F10",5,263.777777777778,6.57414170927684,83.4,9,2.45155797266667,9,59.1711111111111,9
"52","F10_5_Non","F","Non","F10",5,283.077777777778,7.34094616639478,92.27,9,4.10479098855556,9,62.9021111111111,9
"53","F10_6_Def","F","Def","F10",6,241.572727272727,6.50887573964497,97.745,11,0.61270007075,12,60.2968181818182,11
"54","F10_6_Non","F","Non","F10",6,262.763636363636,6.76506765067651,119.485,11,0.765736304083333,12,63.5782727272727,11
"55","F10_7_Def","F","Def","F10",7,248.688888888889,6.81818181818182,102.68,9,1.07799456077778,9,60.4317777777778,9
"56","F10_7_Non","F","Non","F10",7,251.911111111111,7.39523418241578,89.685,9,-2.28059069877778,9,63.3793333333333,9
"57","F10_8_Def","F","Def","F10",8,234.825,7.78210116731517,76.73,8,4.758494091625,8,57.763125,8
"58","F10_8_Non","F","Non","F10",8,267.5125,8.41219768664564,114.415,8,0.0840122018750002,8,64.6155,8
"59","F10_9_Def","F","Def","F10",9,270.614285714286,6.20017714791851,73.9,7,0.233812301285714,7,60.6933333333333,6
"60","F10_9_Non","F","Non","F10",9,288.342857142857,6.78952473326867,91.575,7,-2.68565694728571,7,65.8828333333333,6
"61","F11_1_Def","F","Def","F11",1,275.036363636364,6.16591928251121,161.44,11,2.7742249765,12,60.397,11
"62","F11_1_Non","F","Non","F11",1,236.418181818182,7.58620689655172,77.765,11,1.25426984358333,12,61.8311818181818,11
"63","F11_10_Def","F","Def","F11",10,270.7,4.11522633744856,115.595,9,7.35645112322222,9,56.3896666666667,9
"64","F11_10_Non","F","Non","F11",10,254.677777777778,7.44416873449131,123.1,9,0.513278402333334,9,59.1083333333333,9
"65","F11_2_Def","F","Def","F11",2,256.9375,4.07331975560081,101.45,8,6.666018161125,8,60.922875,8
"66","F11_2_Non","F","Non","F11",2,279.642857142857,5.64971751412429,112.895,7,2.105093229,8,64.661125,8
"67","F11_3_Def","F","Def","F11",3,292.088888888889,5.59701492537313,144.645,9,10.0712604263333,9,59.2771111111111,9
"68","F11_3_Non","F","Non","F11",3,262.722222222222,7.85340314136126,109.185,9,4.61474130655556,9,63.7073333333333,9
"69","F11_4_Def","F","Def","F11",4,251.6,5.25762355415352,131.395,10,6.6972201877,10,62.0533,10
"70","F11_4_Non","F","Non","F11",4,239.48,7.01754385964912,94.1499999999999,10,-0.4051445278,10,62.5844,10
"71","F11_5_Def","F","Def","F11",5,294.955555555556,6.32466619817287,130.955,9,4.79733000288889,9,60.5637777777778,9
"72","F11_5_Non","F","Non","F11",5,281.222222222222,7.78546712802768,99.955,9,2.59687623411111,9,63.8515555555556,9
"73","F11_6_Def","F","Def","F11",6,270.318181818182,4.53982666116385,159.81,11,3.6179549025,12,62.7930909090909,11
"74","F11_6_Non","F","Non","F11",6,258.36,7.25689404934688,125.085,10,-0.9029962925,12,65.9238181818182,11
"75","F11_7_Def","F","Def","F11",7,258.733333333333,5.28789659224442,154.045,9,-1.44489740744444,9,60.6175555555556,9
"76","F11_7_Non","F","Non","F11",7,253.177777777778,9,133.11,9,2.19390927055556,9,63.6644444444444,9
"77","F11_8_Def","F","Def","F11",8,273.25,5.54785020804438,101.175,8,5.1564800135,8,60.068625,8
"78","F11_8_Non","F","Non","F11",8,253.1625,8.52878464818763,101.695,8,2.303084439,8,62.007,8
"79","F11_9_Def","F","Def","F11",9,277.057142857143,4.51612903225806,135.27,7,9.47813578628571,7,63.1163333333333,6
"80","F11_9_Non","F","Non","F11",9,248.228571428571,8.22561692126909,96.36,7,2.66385155757143,7,63.6885,6
"81","F12_1_Def","F","Def","F12",1,210.181818181818,5.69948186528497,70.385,11,4.09434383266667,12,59.8101818181818,11
"82","F12_1_Non","F","Non","F12",1,244.81,6.70241286863271,122.42,10,1.02447065641667,12,65.2178181818182,11
"83","F12_10_Def","F","Def","F12",10,224.344444444444,5.07042253521127,71.885,9,9.12039036177778,9,52.9382222222222,9
"84","F12_10_Non","F","Non","F12",10,243.755555555556,5.96026490066225,87.575,9,7.76636217844444,9,60.8267777777778,9
"85","F12_2_Def","F","Def","F12",2,218.35,5.12163892445583,83.205,8,6.196174173875,8,63.246625,8
"86","F12_2_Non","F","Non","F12",2,225.6125,6.37450199203187,148.95,8,4.849219507625,8,64.575125,8
"87","F12_3_Def","F","Def","F12",3,216.6,4.66472303206997,56.325,8,7.58024806233333,9,56.7497777777778,9
"88","F12_3_Non","F","Non","F12",3,220.0125,6.13967766692249,132.3,8,5.62275709522222,9,61.936,9
"89","F12_4_Def","F","Def","F12",4,227.19,5.95238095238095,83.805,10,6.5400555816,10,64.5499,10
"90","F12_4_Non","F","Non","F12",4,198.96,7.2463768115942,100.64,10,2.2177060764,10,66.4595,10
"91","F12_5_Def","F","Def","F12",5,252.044444444444,6.19834710743802,108.385,9,7.36721629411111,9,60.5458888888889,9
"92","F12_5_Non","F","Non","F12",5,257.711111111111,7.60135135135135,117.055,9,5.92457698433333,9,62.6751111111111,9
"93","F12_6_Def","F","Def","F12",6,227.672727272727,5.33462657613967,103.66,11,7.33162791741667,12,61.149,11
"94","F12_6_Non","F","Non","F12",6,240.709090909091,7.69230769230769,133.67,11,4.63873824733333,12,60.5429090909091,11
"95","F12_7_Def","F","Def","F12",7,235.644444444444,5.9016393442623,108.21,9,5.07667265711111,9,60.0125555555556,9
"96","F12_7_Non","F","Non","F12",7,247.8,6.72430355427473,114.73,7,2.49777067888889,9,60.5444444444444,9
"97","F12_8_Def","F","Def","F12",8,225.775,6.3441712926249,79.645,8,9.10545665,8,59.25925,8
"98","F12_8_Non","F","Non","F12",8,248.1875,7.25294650951949,115.275,8,3.835561297,8,62.31475,8
"99","F12_9_Def","F","Def","F12",9,236.928571428571,5.83819849874896,105.585,7,12.9116065764286,7,58.1661666666667,6
"100","F12_9_Non","F","Non","F12",9,241.528571428571,7.16479017400205,125.56,7,6.98940723757143,7,59.9106666666667,6
"101","F13_1_Def","F","Def","F13",1,242.863636363636,5.26819923371648,136.62,11,8.33655776875,12,55.0718181818182,11
"102","F13_1_Non","F","Non","F13",1,239.690909090909,7.03324808184143,107.175,11,3.674974065,12,58.7083636363636,11
"103","F13_10_Def","F","Def","F13",10,272.311111111111,4.56852791878173,129.495,9,6.41903800811111,9,62.3788888888889,9
"104","F13_10_Non","F","Non","F13",10,263.166666666667,5.75447570332481,88.005,9,5.24887522033333,9,63.2707777777778,9
"105","F13_2_Def","F","Def","F13",2,253.275,4.739336492891,120.49,8,6.66247183125,8,58.459375,8
"106","F13_2_Non","F","Non","F13",2,241.6,6.66666666666667,96.8349999999999,8,5.391955976625,8,59.088,8
"107","F13_3_Def","F","Def","F13",3,264.544444444444,4.62487153134635,69.2199999999999,9,13.7662566027778,9,57.7752222222222,9
"108","F13_3_Non","F","Non","F13",3,262.655555555556,6.09756097560976,105.355,9,6.92377861633333,9,61.9585555555556,9
"109","F13_4_Def","F","Def","F13",4,236.46,5.26592943654555,131.105,10,5.2767738751,10,62.9191,10
"110","F13_4_Non","F","Non","F13",4,227.08,6.87757909215956,95.58,10,2.7598473794,10,66.1274,10
"111","F13_5_Def","F","Def","F13",5,282.411111111111,6,74.575,9,10.6854942263333,9,61.3813333333333,9
"112","F13_5_Non","F","Non","F13",5,262.444444444444,6.5934065934066,79.49,9,5.24322729144444,9,62.8812222222222,9
"113","F13_6_Def","F","Def","F13",6,243.109090909091,5.49725137431284,125.38,11,9.92644271583333,12,64.5759090909091,11
"114","F13_6_Non","F","Non","F13",6,248.7,7.02875399361022,117.475,11,7.36437855433333,12,67.2671818181818,11
"115","F13_7_Def","F","Def","F13",7,231.988888888889,6.12244897959184,139.075,9,6.66433071433333,9,61.9163333333333,9
"116","F13_7_Non","F","Non","F13",7,230.4625,6.41539695268645,128.225,8,4.63390037788889,9,67.5741111111111,9
"117","F13_8_Def","F","Def","F13",8,294.9,5.72363041700736,139.875,7,4.1464139785,8,63.826375,8
"118","F13_8_Non","F","Non","F13",8,256.2,8.39454354669465,111.98,8,5.28242776475,8,65.773875,8
"119","F13_9_Def","F","Def","F13",9,288.285714285714,6.06585788561525,140.335,7,-5.65568483771429,7,65.4176666666667,6
"120","F13_9_Non","F","Non","F13",9,260.428571428571,7.78642936596218,88.175,7,6.99708749714286,7,67.7845,6
"121","F2_1_Def","F","Def","F2",1,244.236363636364,6.087437742114,100.625,11,8.59657087508333,12,61.1109090909091,11
"122","F2_1_Non","F","Non","F2",1,255.136363636364,8.13008130081301,126.325,11,6.46131431766667,12,66.1938181818182,11
"123","F2_10_Def","F","Def","F2",10,242,5.12236767216847,69.925,9,4.273530517,9,60.0473333333333,9
"124","F2_10_Non","F","Non","F2",10,249.622222222222,6.27177700348432,74.7899999999999,9,4.00825268411111,9,63.0101111111111,9
"125","F2_2_Def","F","Def","F2",2,225.7375,5.67375886524823,56.595,8,12.671013448125,8,62.453375,8
"126","F2_2_Non","F","Non","F2",2,255.942857142857,6.46950092421442,100.64,7,7.6413239925,8,64.24075,8
"127","F2_3_Def","F","Def","F2",3,256.4,6.5028901734104,71.95,9,12.0317798835556,9,59.7016666666667,9
"128","F2_3_Non","F","Non","F2",3,252.755555555556,6.19408121128699,107.38,9,9.79664881022222,9,62.3263333333333,9
"129","F2_4_Def","F","Def","F2",4,236.64,5.98086124401914,69.805,10,9.3392428014,10,62.8409,10
"130","F2_4_Non","F","Non","F2",4,239.466666666667,6.33802816901408,129.25,9,5.4059274325,10,66.5996,10
"131","F2_5_Def","F","Def","F2",5,261,6.02006688963211,91.8899999999999,9,8.30634260166667,9,60.2135555555556,9
"132","F2_5_Non","F","Non","F2",5,266.677777777778,7.75193798449612,111.835,9,7.23100968944444,9,62.1402222222222,9
"133","F2_6_Def","F","Def","F2",6,242.290909090909,5.52763819095477,94.27,11,10.8791237095833,12,61.6819090909091,11
"134","F2_6_Non","F","Non","F2",6,241.872727272727,6.45161290322581,92.825,11,6.52190929641667,12,63.2903636363636,11
"135","F2_7_Def","F","Def","F2",7,243.377777777778,5.63204005006258,95.97,9,8.65977189911111,9,61.1971111111111,9
"136","F2_7_Non","F","Non","F2",7,240.4,6.76691729323308,126.26,9,5.20878949633333,9,63.0371111111111,9
"137","F2_8_Def","F","Def","F2",8,233.1,6.27450980392157,77.75,8,9.198591834375,8,59.403125,8
"138","F2_8_Non","F","Non","F2",8,254.225,7.73694390715667,112.15,8,6.02000369825,8,62.863625,8
"139","F2_9_Def","F","Def","F2",9,235.128571428571,5.93220338983051,80.7,7,10.9602372675714,7,62.4028333333333,6
"140","F2_9_Non","F","Non","F2",9,266.4,7.06713780918728,74.55,6,12.1943864117143,7,62.4893333333333,6
"141","F4_1_Def","F","Def","F4",1,220.236363636364,5.77124868835257,80.3599999999999,11,5.36914801316667,12,61.5796363636364,11
"142","F4_1_Non","F","Non","F4",1,225.227272727273,6.74846625766871,95.8899999999999,11,4.13429394491667,12,69.6137272727273,11
"143","F4_10_Def","F","Def","F4",10,234.966666666667,5.44794188861985,93.9499999999999,9,3.80174378233333,9,65.7622222222222,9
"144","F4_10_Non","F","Non","F4",10,214.922222222222,6.33356790992259,69.235,9,0.878828458888889,9,65.4111111111111,9
"145","F4_2_Def","F","Def","F4",2,238.075,5.6777856635912,100.995,8,4.155605203,8,65.440125,8
"146","F4_2_Non","F","Non","F4",2,208.928571428571,6.38686131386861,79.185,7,3.517209559,8,70.84375,8
"147","F4_3_Def","F","Def","F4",3,237.033333333333,6.33356790992259,75.5,9,10.1584068381111,9,61.3185555555556,9
"148","F4_3_Non","F","Non","F4",3,224.355555555556,6.48882480173035,104.295,9,5.92871220155556,9,68.9126666666667,9
"149","F4_4_Def","F","Def","F4",4,212.76,5.86510263929619,70.385,10,6.041186597,10,63.3422,10
"150","F4_4_Non","F","Non","F4",4,197.3,6.9060773480663,89.18,10,-2.732770777,10,69.9419,10
"151","F4_5_Def","F","Def","F4",5,239.333333333333,6.28930817610063,90.435,9,10.0269248952222,9,68.0987777777778,9
"152","F4_5_Non","F","Non","F4",5,223.088888888889,7.46887966804979,56.15,9,0.989349146666667,9,70.4387777777778,9
"153","F4_6_Def","F","Def","F4",6,219.845454545455,6.51272942569568,83.665,11,9.57336752166667,12,64.1653636363636,11
"154","F4_6_Non","F","Non","F4",6,218.990909090909,6.4327485380117,61.09,11,2.39369075491667,12,70.6842727272727,11
"155","F4_7_Def","F","Def","F4",7,217.222222222222,6.04026845637584,84.235,9,5.71113425366667,9,69.5443333333333,9
"156","F4_7_Non","F","Non","F4",7,202.066666666667,6.45161290322581,65.435,9,1.338285997,9,71.8152222222222,9
"157","F4_8_Def","F","Def","F4",8,232,6.08365019011407,86.78,8,8.592733848125,8,68.7755,8
"158","F4_8_Non","F","Non","F4",8,206.257142857143,7.29166666666667,53.605,7,1.68908685425,8,69.457,8
"159","F4_9_Def","F","Def","F4",9,234.4,5.34351145038168,104.74,7,6.56734195714286,7,69.5875,6
"160","F4_9_Non","F","Non","F4",9,221.757142857143,5.94732370433305,89.41,7,2.32475174614286,7,68.2505,6
"161","F5_1_Def","F","Def","F5",1,196.409090909091,5.97176981541802,78.595,11,4.25309349858333,12,59.762,11
"162","F5_1_Non","F","Non","F5",1,211.545454545455,7.69230769230769,81.84,11,2.00778505691667,12,65.1883636363636,11
"163","F5_10_Def","F","Def","F5",10,226.9,5.45124167171411,49.54,9,4.23366275622222,9,62.4696666666667,9
"164","F5_10_Non","F","Non","F5",10,229.233333333333,6.88599846977812,104.725,9,-0.608862842777778,9,65.9011111111111,9
"165","F5_2_Def","F","Def","F5",2,208.9625,5.51343900758098,82.115,8,0.264487856,8,62.866875,8
"166","F5_2_Non","F","Non","F5",2,219.2,6.22568093385214,86.585,8,0.520825653875,8,64.487125,8
"167","F5_3_Def","F","Def","F5",3,203.3,6.25434329395413,77.45,9,4.08885844722222,9,58.5216666666667,9
"168","F5_3_Non","F","Non","F5",3,215.288888888889,6.96055684454756,117.16,9,-0.855946849111111,9,65.5871111111111,9
"169","F5_4_Def","F","Def","F5",4,198.06,6.06796116504854,65.09,10,-1.6340392453,10,61.0981,10
"170","F5_4_Non","F","Non","F5",4,197.03,6.74308833445718,125.22,10,-2.3547760229,10,65.3155,10
"171","F5_5_Def","F","Def","F5",5,224.65,5.65371024734982,43.67,8,4.29146795588889,9,58.5492222222222,9
"172","F5_5_Non","F","Non","F5",5,241.8125,6.66666666666667,127.535,8,1.33349641066667,9,67.3655555555556,9
"173","F5_6_Def","F","Def","F5",6,209.445454545455,5.53041729512318,94.03,11,4.93054627141667,12,62.2711818181818,11
"174","F5_6_Non","F","Non","F5",6,222.127272727273,6.9052102950408,118.755,11,4.18883419083333,12,65.6365454545455,11
"175","F5_7_Def","F","Def","F5",7,214.9625,6.35930047694754,74.61,8,5.09266341933333,9,60.3635555555556,9
"176","F5_7_Non","F","Non","F5",7,224.8875,6.69456066945607,125.33,8,-0.236344237222222,9,64.9745555555556,9
"177","F5_8_Def","F","Def","F5",8,220.35,6.77966101694915,68.525,8,7.943668365125,8,59.3115,8
"178","F5_8_Non","F","Non","F5",8,255.342857142857,8.42358604091456,95.95,7,1.386424651125,8,67.923375,8
"179","F5_9_Def","F","Def","F5",9,239.133333333333,5.43478260869565,37.07,6,3.58539999257143,7,65.955,6
"180","F5_9_Non","F","Non","F5",9,238.314285714286,6.73076923076923,117.78,7,-0.0890108172857144,7,70.3416666666667,6
"181","F6_1_Def","F","Def","F6",1,273.38,5.8173356602676,98.32,10,4.95956558175,12,62.7584545454545,11
"182","F6_1_Non","F","Non","F6",1,278.836363636364,5.89812332439678,120.73,11,3.61347631566667,12,65.9057272727273,11
"183","F6_10_Def","F","Def","F6",10,267.844444444444,4.09649522075558,118.175,9,3.13162634833333,9,60.1442222222222,9
"184","F6_10_Non","F","Non","F6",10,267.477777777778,4.78468899521531,108.795,9,2.80150635477778,9,64.4422222222222,9
"185","F6_2_Def","F","Def","F6",2,277.5,4.86026731470231,163.24,8,5.706048669625,8,64.137875,8
"186","F6_2_Non","F","Non","F6",2,281.45,5.13478818998716,117.175,8,-1.2646208685,8,67.812,8
"187","F6_3_Def","F","Def","F6",3,296.955555555556,5.18433179723502,136.3,9,4.71762585188889,9,59.079,9
"188","F6_3_Non","F","Non","F6",3,270.633333333333,5.61797752808989,133.015,9,-12.2165040642222,9,64.3382222222222,9
"189","F6_4_Def","F","Def","F6",4,275.9,4.87567040468064,141.935,10,12.0961218567,10,61.5363,10
"190","F6_4_Non","F","Non","F6",4,232.111111111111,5.00834724540902,131.805,9,-3.1389943417,10,65.3228,10
"191","F6_5_Def","F","Def","F6",5,315.277777777778,5.82901554404145,152.185,9,2.73087433966667,9,60.6303333333333,9
"192","F6_5_Non","F","Non","F6",5,294.744444444444,5.87851077726976,133.725,9,-2.12237899777778,9,69.0426666666667,9
"193","F6_6_Def","F","Def","F6",6,274.490909090909,5.23062291963861,133.37,11,7.392416994,12,63.2896363636364,11
"194","F6_6_Non","F","Non","F6",6,249.845454545455,5.82010582010582,118.145,11,5.20456059633333,12,68.2551818181818,11
"195","F6_7_Def","F","Def","F6",7,282.433333333333,5.95238095238095,136.035,9,0.423508124444445,9,58.8765555555556,9
"196","F6_7_Non","F","Non","F6",7,271.322222222222,4.99445061043285,133.99,9,-3.47708058466667,9,63.1916666666667,9
"197","F6_8_Def","F","Def","F6",8,267.275,5.40906017579446,107.97,8,6.608475553375,8,60.830875,8
"198","F6_8_Non","F","Non","F6",8,266.6,6.43086816720257,126.295,8,3.9765160005,8,65.254875,8
"199","F6_9_Def","F","Def","F6",9,284.028571428571,4.66977985323549,104.19,7,9.829366671,7,63.2436666666667,6
"200","F6_9_Non","F","Non","F6",9,286.342857142857,4.06032482598608,129.14,7,5.88881619242857,7,68.4001666666667,6
"201","F7_1_Def","F","Def","F7",1,243.727272727273,5.80168776371308,94.815,11,6.08517319041667,12,64.9801818181818,11
"202","F7_1_Non","F","Non","F7",1,264.4,8.3969465648855,130.665,11,6.03746662358333,12,69.2829090909091,11
"203","F7_10_Def","F","Def","F7",10,271.133333333333,6.0893098782138,126,9,7.21372982188889,9,65.5924444444444,9
"204","F7_10_Non","F","Non","F7",10,249.155555555556,6.71641791044776,82.835,9,6.13103257544444,9,66.1134444444444,9
"205","F7_2_Def","F","Def","F7",2,262.0375,5.75539568345324,105.9,8,8.613385115,8,68.12675,8
"206","F7_2_Non","F","Non","F7",2,263.3625,7.20720720720721,141.545,8,5.503001206,8,68.681,8
"207","F7_3_Def","F","Def","F7",3,259.455555555556,5.84036340038936,105.94,9,8.25988452877778,9,65.6428888888889,9
"208","F7_3_Non","F","Non","F7",3,259.033333333333,6.97674418604651,128.52,9,4.885848352,9,67.4785555555556,9
"209","F7_4_Def","F","Def","F7",4,230.7,5.55555555555556,95.025,10,7.8575641571,10,67.979,10
"210","F7_4_Non","F","Non","F7",4,221.95,7.5187969924812,73.075,10,2.1242444419,10,67.717,10
"211","F7_5_Def","F","Def","F7",5,272.622222222222,6.22837370242214,125.63,9,6.62351458866667,9,66.0648888888889,9
"212","F7_5_Non","F","Non","F7",5,291.544444444444,7.6271186440678,159.065,9,1.74506048855556,9,66.391,9
"213","F7_6_Def","F","Def","F7",6,242.563636363636,6.30011454753723,124.93,11,6.44134620958333,12,66.9740909090909,11
"214","F7_6_Non","F","Non","F7",6,224.7,7.2463768115942,120.74,10,6.66598487325,12,66.933,11
"215","F7_7_Def","F","Def","F7",7,253.766666666667,6.3514467184192,105.96,9,9.51788421011111,9,65.9663333333333,9
"216","F7_7_Non","F","Non","F7",7,268,7.54716981132075,132.055,8,6.37404593866667,9,65.5463333333333,9
"217","F7_8_Def","F","Def","F7",8,273.8875,7.10479573712256,110.16,8,9.053200304125,8,67.878,8
"218","F7_8_Non","F","Non","F7",8,278.557142857143,8.33333333333333,153.28,7,2.431356858375,8,67.933125,8
"219","F7_9_Def","F","Def","F7",9,274.285714285714,6.09756097560976,118.585,7,7.29700528385714,7,70.0616666666667,6
"220","F7_9_Non","F","Non","F7",9,242.228571428571,6.66666666666667,78.5849999999999,7,6.95620254342857,7,67.4051666666667,6
"221","F8_1_Def","F","Def","F8",1,233.763636363636,6.27853881278539,49.115,11,12.5050336410833,12,63.3378181818182,11
"222","F8_1_Non","F","Non","F8",1,227.454545454545,7.57575757575758,78.05,11,4.79404642758333,12,64.2635454545455,11
"223","F8_10_Def","F","Def","F8",10,236.044444444444,5.91327201051248,48.21,9,10.0562645284444,9,59.8695555555556,9
"224","F8_10_Non","F","Non","F8",10,243.644444444444,6.88073394495413,71.9099999999999,9,1.52894858655556,9,64.9114444444444,9
"225","F8_2_Def","F","Def","F8",2,264.4125,4.920049200492,94.0899999999999,8,8.252379881625,8,67.523625,8
"226","F8_2_Non","F","Non","F8",2,227.15,6.87876182287188,118.915,8,4.21679015625,8,68.125375,8
"227","F8_3_Def","F","Def","F8",3,250.433333333333,5.33175355450237,60.595,9,11.6352268084444,9,64.8382222222222,9
"228","F8_3_Non","F","Non","F8",3,237.155555555556,6.61278471711976,100.49,9,11.6666873604444,9,66.0791111111111,9
"229","F8_4_Def","F","Def","F8",4,249.94,6.27352572145546,109.935,10,7.3317380984,10,67.2727,10
"230","F8_4_Non","F","Non","F8",4,219.94,7.17875089734386,92.905,10,4.5229294365,10,64.6797,10
"231","F8_5_Def","F","Def","F8",5,248.066666666667,6.37845499645641,45.335,9,13.6059028541111,9,64.6616666666667,9
"232","F8_5_Non","F","Non","F8",5,239.233333333333,7.55667506297229,41.8899999999999,9,2.90124020477778,9,67.7055555555556,9
"233","F8_6_Def","F","Def","F8",6,229.454545454545,5.69948186528497,74.935,11,13.7707418478333,12,63.4067272727273,11
"234","F8_6_Non","F","Non","F8",6,215.254545454545,6.96643445218493,83.625,11,7.59724879241667,12,67.9582727272727,11
"235","F8_7_Def","F","Def","F8",7,227.9,6.0560181680545,49.805,8,11.4034046667778,9,62.532,9
"236","F8_7_Non","F","Non","F8",7,233.2,7.18132854578097,97.34,8,4.96288240144444,9,67.4697777777778,9
"237","F8_8_Def","F","Def","F8",8,223.325,7.54716981132075,32.76,8,7.681656998875,8,61.378,8
"238","F8_8_Non","F","Non","F8",8,224.3625,8.859357696567,79.245,8,1.95575539925,8,66.37725,8
"239","F8_9_Def","F","Def","F8",9,238.571428571429,5.72363041700736,50.38,7,14.8559013747143,7,66.6055,6
"240","F8_9_Non","F","Non","F8",9,232.414285714286,6.90335305719921,34.805,7,7.19063629342857,7,68.5038333333333,6
"241","F9_1_Def","F","Def","F9",1,220.445454545455,6.8407960199005,28.87,11,6.60075185533333,12,62.9314545454545,11
"242","F9_1_Non","F","Non","F9",1,241.363636363636,6.50887573964497,84.08,11,-0.197897306416667,12,67.7782727272727,11
"243","F9_10_Def","F","Def","F9",10,217.255555555556,6.8649885583524,40.095,9,6.60024755766667,9,60.1705555555556,9
"244","F9_10_Non","F","Non","F9",10,251.133333333333,7.00934579439252,229.155,9,-2.26017394055556,9,60.09,9
"245","F9_2_Def","F","Def","F9",2,223.2,6.1633281972265,40.925,8,3.8057778715,8,63.945625,8
"246","F9_2_Non","F","Non","F9",2,218.9375,6.34920634920635,41.64,8,-0.771308460125,8,68.9275,8
"247","F9_3_Def","F","Def","F9",3,234.8,6.6334991708126,51.295,8,5.94899875155556,9,61.2258888888889,9
"248","F9_3_Non","F","Non","F9",3,251.788888888889,6.28053035589672,82.775,9,4.92746107755556,9,63.4218888888889,9
"249","F9_4_Def","F","Def","F9",4,225.96,7.15307582260372,50.415,10,1.1365140071,10,64.8729,10
"250","F9_4_Non","F","Non","F9",4,228.29,6.68002672010688,73.2,10,-1.0057715394,10,68.3095,10
"251","F9_5_Def","F","Def","F9",5,222.033333333333,7.56302521008403,41.285,9,4.26173280055556,9,61.6956666666667,9
"252","F9_5_Non","F","Non","F9",5,247.0625,6.4,94.225,8,6.04624226144444,9,65.7896666666667,9
"253","F9_6_Def","F","Def","F9",6,229.97,7.05716302046577,37.285,10,9.62905745658333,12,63.7320909090909,11
"254","F9_6_Non","F","Non","F9",6,237.854545454545,7.56013745704467,62.9399999999999,11,7.32492289358333,12,64.5515454545455,11
"255","F9_7_Def","F","Def","F9",7,225.455555555556,7.21153846153846,36.455,9,4.47388639566667,9,60.442,9
"256","F9_7_Non","F","Non","F9",7,227.5,7.08661417322835,55.685,9,-0.599425419111111,9,62.7002222222222,9
"257","F9_8_Def","F","Def","F9",8,210.1375,7.75945683802134,22.39,8,4.808928700875,8,61.207,8
"258","F9_8_Non","F","Non","F9",8,227.8875,7.80487804878049,59.34,8,0.455090904125,8,61.962,8
"259","F9_9_Def","F","Def","F9",9,221.942857142857,6.58513640639699,40.975,7,8.82718822685714,7,63.927,6
"260","F9_9_Non","F","Non","F9",9,242.614285714286,6.86274509803922,59.8,7,2.49090885971429,7,64.1886666666667,6
"261","M0_1_Def","M","Def","M0",1,123.6875,8.08080808080808,47.245,8,4.16621836808333,12,54.2511818181818,11
"262","M0_1_Non","M","Non","M0",1,131.028571428571,7.77777777777778,65.835,7,3.62789177691667,12,54.6864545454545,11
"263","M0_10_Def","M","Def","M0",10,125.775,6.87285223367698,38.93,8,1.84824282766667,9,52.293,9
"264","M0_10_Non","M","Non","M0",10,121.644444444444,7.32302685109845,37.875,9,2.00133242533333,9,55.151,9
"265","M0_2_Def","M","Def","M0",2,115.6,6.95825049701789,46.165,7,1.443533627375,8,57.275875,8
"266","M0_2_Non","M","Non","M0",2,121.714285714286,6.8159688412853,44.44,7,1.304703068875,8,60.5515,8
"267","M0_3_Def","M","Def","M0",3,130.05,7.27272727272727,54.63,8,2.45399027166667,9,52.226,9
"268","M0_3_Non","M","Non","M0",3,136.088888888889,7.86713286713287,59.78,9,0.885713998777778,9,56.9252222222222,9
"269","M0_4_Def","M","Def","M0",4,107.833333333333,7.9646017699115,38.77,9,1.85367027427273,11,54.8206363636364,11
"270","M0_4_Non","M","Non","M0",4,126.790909090909,8.66141732283465,44.46,11,0.133830251727273,11,59.4175454545455,11
"271","M0_5_Def","M","Def","M0",5,135.4875,7.16845878136201,50.02,8,-0.138041553222222,9,56.7554444444444,9
"272","M0_5_Non","M","Non","M0",5,129.357142857143,8.2256169212691,19.42,7,-2.23294220877778,9,57.0724444444444,9
"273","M0_6_Def","M","Def","M0",6,127.08,7.38552437223043,29.575,10,2.05407217341667,12,59.6183636363636,11
"274","M0_6_Non","M","Non","M0",6,123.045454545455,7.80141843971631,48.295,11,0.979498280166667,12,59.253,11
"275","M0_7_Def","M","Def","M0",7,112.257142857143,8.04597701149425,29.96,7,2.64412743481818,11,50.9027,10
"276","M0_7_Non","M","Non","M0",7,120.516666666667,8.10810810810811,44.385,6,0.132040017363636,11,52.4849,10
"277","M0_8_Def","M","Def","M0",8,116.2,9.73574408901252,21.93,7,2.266699949375,8,54.224125,8
"278","M0_8_Non","M","Non","M0",8,119.76,10.4166666666667,29.695,5,3.867958555625,8,52.488875,8
"279","M0_9_Def","M","Def","M0",9,129.34,6.68449197860963,25.655,5,3.403135889,7,52.6245,6
"280","M0_9_Non","M","Non","M0",9,118.466666666667,7.39827373612824,38.03,6,3.365824671,7,56.642,6
"281","M1_1_Def","M","Def","M1",1,121.409090909091,6.61455201443175,53.495,11,-0.244634576916667,12,54.829,11
"282","M1_1_Non","M","Non","M1",1,125.41,7.55857898715041,58.1,10,-1.42877327625,12,61.8958181818182,11
"283","M1_10_Def","M","Def","M1",10,115.044444444444,6.5406976744186,34.58,9,-0.716774919111111,9,58.8282222222222,9
"284","M1_10_Non","M","Non","M1",10,123.855555555556,6.59824046920821,61.07,9,-1.37231959255556,9,59.0346666666667,9
"285","M1_2_Def","M","Def","M1",2,116.0375,6.15384615384616,87.045,8,-2.991862045625,8,61.010375,8
"286","M1_2_Non","M","Non","M1",2,112.5875,7.85854616895874,42.37,8,-2.025992128375,8,59.08075,8
"287","M1_3_Def","M","Def","M1",3,113.822222222222,6.65680473372781,44.935,9,-1.61503139433333,9,60.2983333333333,9
"288","M1_3_Non","M","Non","M1",3,130.966666666667,7.2,56.21,9,-0.907713724,9,59.8873333333333,9
"289","M1_4_Def","M","Def","M1",4,112.41,6.73400673400673,46.175,10,-2.0300515465,10,62.5008,10
"290","M1_4_Non","M","Non","M1",4,122.02,8.39630562552477,43.675,10,-3.0737657804,10,62.2232,10
"291","M1_5_Def","M","Def","M1",5,118.444444444444,7.19424460431655,39.01,9,-1.95001397333333,9,61.5764444444444,9
"292","M1_5_Non","M","Non","M1",5,138.444444444444,8.36431226765799,66.68,9,1.15946943655556,9,62.7236666666667,9
"293","M1_6_Def","M","Def","M1",6,112,7.26072607260726,31.205,11,-0.433273990416667,12,62.1354545454545,11
"294","M1_6_Non","M","Non","M1",6,138.127272727273,8.33333333333333,46.99,11,-0.303765466916667,12,64.3163636363636,11
"295","M1_7_Def","M","Def","M1",7,110.8,7.03125,46.065,9,-1.55387237522222,9,63.5562222222222,9
"296","M1_7_Non","M","Non","M1",7,117.733333333333,7.94351279788173,58.78,9,-3.70405770822222,9,63.2925555555556,9
"297","M1_8_Def","M","Def","M1",8,110.5125,6.89061154177433,34.155,8,-1.530992486875,8,60.193875,8
"298","M1_8_Non","M","Non","M1",8,112.075,7.94438927507448,31.725,8,-1.565096051625,8,60.2045,8
"299","M1_9_Def","M","Def","M1",9,120.942857142857,6.86947988223749,34.045,7,-0.744958710142857,7,62.2341666666667,6
"300","M1_9_Non","M","Non","M1",9,125.916666666667,6.34920634920635,69.745,6,-2.53052591514286,7,60.9515,6
"301","M10_1_Def","M","Def","M10",1,146.290909090909,6.22876557191393,61.79,11,5.97930701958333,12,60.9067272727273,11
"302","M10_1_Non","M","Non","M10",1,156.618181818182,8.20283370618941,85.45,11,4.854824147,12,68.6185454545455,11
"303","M10_10_Def","M","Def","M10",10,170.444444444444,4.84913793103448,87.315,9,8.02487723988889,9,58.7515555555556,9
"304","M10_10_Non","M","Non","M10",10,159.766666666667,5.19930675909879,74.3,9,11.5548451163333,9,52.0773333333333,9
"305","M10_2_Def","M","Def","M10",2,151.85,5.59832050384884,56.21,8,4.437043874625,8,62.88925,8
"306","M10_2_Non","M","Non","M10",2,148.175,7.00525394045534,57.96,8,2.976695844875,8,66.171375,8
"307","M10_3_Def","M","Def","M10",3,159.822222222222,6.11828687967369,71.385,9,6.44253779177778,9,62.6258888888889,9
"308","M10_3_Non","M","Non","M10",3,171.988888888889,6.66666666666667,75.685,9,7.98153207344444,9,67.8665555555555,9
"309","M10_4_Def","M","Def","M10",4,150.15,6.12745098039216,60.05,10,3.4688318044,10,63.6811,10
"310","M10_4_Non","M","Non","M10",4,149.39,7.01262272089761,92.09,10,2.5086096656,10,66.8792,10
"311","M10_5_Def","M","Def","M10",5,166.633333333333,6.58857979502196,72.355,9,2.62426372088889,9,62.0173333333333,9
"312","M10_5_Non","M","Non","M10",5,168.9875,6.18238021638331,94.88,8,2.30595577766667,9,67.4783333333333,9
"313","M10_6_Def","M","Def","M10",6,154.227272727273,5.73813249869588,53.985,11,8.780587435,12,62.0592727272727,11
"314","M10_6_Non","M","Non","M10",6,163.209090909091,6.84505289359054,88.47,11,5.74737664033333,12,66.3355454545455,11
"315","M10_7_Def","M","Def","M10",7,148.544444444444,6.32911392405063,57.455,9,3.56935511522222,9,62.5553333333333,9
"316","M10_7_Non","M","Non","M10",7,162.566666666667,7.89473684210526,79.625,9,6.74349573766667,9,66.206,9
"317","M10_8_Def","M","Def","M10",8,158.6,5.92153960029608,51.82,8,3.998423784625,8,61.57175,8
"318","M10_8_Non","M","Non","M10",8,166.2,7.6555023923445,71.88,8,7.926836241875,8,66.51875,8
"319","M10_9_Def","M","Def","M10",9,158.928571428571,4.64807436918991,89.04,7,11.0107730435714,7,60.0168333333333,6
"320","M10_9_Non","M","Non","M10",9,170.585714285714,7.71775082690187,92.1,7,6.73774263528571,7,68.3608333333333,6
"321","M11_1_Def","M","Def","M11",1,133.15,7.2992700729927,91.675,10,0.7069749485,12,61.0622727272727,11
"322","M11_1_Non","M","Non","M11",1,124.754545454545,8.28937452901281,48.935,11,-2.49311186675,12,68.5846363636364,11
"323","M11_10_Def","M","Def","M11",10,99.8714285714286,6.44567219152855,16.08,7,0.431698490444444,9,53.877,9
"324","M11_10_Non","M","Non","M11",10,103.485714285714,6.20017714791851,11.345,7,-0.512550812333333,9,56.1204444444444,9
"325","M11_2_Def","M","Def","M11",2,102,6.37450199203187,40.635,8,0.77986758575,8,55.435875,8
"326","M11_2_Non","M","Non","M11",2,98.1833333333333,6.41025641025641,13.88,6,-3.192578832875,8,59.283625,8
"327","M11_3_Def","M","Def","M11",3,102.7,7.36648250460405,46.58,4,-0.209834002888889,9,51.1124444444444,9
"328","M11_3_Non","M","Non","M11",3,106.911111111111,7.37100737100737,32.745,9,-4.09958695966667,9,61.5565555555556,9
"329","M11_4_Def","M","Def","M11",4,95.7428571428571,8.53658536585366,7.785,7,-6.527296944,10,58.1524,10
"330","M11_4_Non","M","Non","M11",4,107.97,7.93650793650794,28.87,10,-2.3697933103,10,62.9046,10
"331","M11_5_Def","M","Def","M11",5,102.585714285714,7.76914539400666,20.455,7,-0.655277575111111,9,58.4496666666667,9
"332","M11_5_Non","M","Non","M11",5,108.05,8.42105263157895,15.195,8,-1.57091353088889,9,59.6597777777778,9
"333","M11_6_Def","M","Def","M11",6,104.88,7.20461095100864,29.265,10,-1.22594565508333,12,58.54,11
"334","M11_6_Non","M","Non","M11",6,108.009090909091,7.97101449275362,32.525,11,-3.447482867,12,62.3946363636364,11
"335","M11_7_Def","M","Def","M11",7,98.2125,7.80487804878049,59.49,8,-2.60023898922222,9,56.3372222222222,9
"336","M11_7_Non","M","Non","M11",7,102.0125,9.1533180778032,14.53,8,-0.163427221777778,9,60.526,9
"337","M11_8_Def","M","Def","M11",8,96.6166666666667,8.57142857142857,5.70999999999999,6,-2.607727845625,8,56.7305,8
"338","M11_8_Non","M","Non","M11",8,97.1666666666667,9.49367088607595,12.905,6,-4.502101214,8,61.64325,8
"339","M11_9_Def","M","Def","M11",9,112.34,6.39386189258312,50.03,5,-3.17528853014286,7,56.3951666666667,6
"340","M11_9_Non","M","Non","M11",9,106.833333333333,9.11854103343465,17.655,6,-1.503667923,7,63.597,6
"341","M12_1_Def","M","Def","M12",1,119.936363636364,6.10771793448084,57.055,11,2.32298758858333,12,59.5452727272727,11
"342","M12_1_Non","M","Non","M12",1,110.04,6.77506775067751,34.075,10,-0.213757214666667,12,64.8816363636364,11
"343","M12_10_Def","M","Def","M12",10,124.885714285714,5.97269624573379,38.88,7,7.56457469288889,9,58.5415555555556,9
"344","M12_10_Non","M","Non","M12",10,115.8125,7.12377560106857,33.745,8,1.54587660822222,9,62.3951111111111,9
"345","M12_2_Def","M","Def","M12",2,109.4875,6.11620795107034,39.05,8,1.905633072375,8,61.462125,8
"346","M12_2_Non","M","Non","M12",2,103.75,7.40740740740741,23.245,8,-2.297395903625,8,64.47975,8
"347","M12_3_Def","M","Def","M12",3,105.4875,6.00150037509377,26.23,8,0.273845299,9,58.7132222222222,9
"348","M12_3_Non","M","Non","M12",3,119.05,7.46268656716418,42.555,8,1.991020355,9,65.2438888888889,9
"349","M12_4_Def","M","Def","M12",4,113.7,5.85480093676815,49.54,10,4.53747479,10,61.1126,10
"350","M12_4_Non","M","Non","M12",4,103.925,7.07964601769912,15.485,8,2.461829716,10,61.2945,10
"351","M12_5_Def","M","Def","M12",5,134.033333333333,5.33807829181495,67.73,9,7.27622462155556,9,57.1751111111111,9
"352","M12_5_Non","M","Non","M12",5,114.0625,7.18778077268643,32.735,8,2.23574799011111,9,61.3416666666667,9
"353","M12_6_Def","M","Def","M12",6,113.03,6.49350649350649,61.725,10,3.12472098875,12,62.2893636363636,11
"354","M12_6_Non","M","Non","M12",6,117.1125,8.35073068893528,16.87,8,6.65036621425,12,61.8327272727273,11
"355","M12_7_Def","M","Def","M12",7,127.4,7.35294117647059,55.295,7,9.311758272,9,58.8025555555556,9
"356","M12_7_Non","M","Non","M12",7,109.5,9.21052631578947,46.9,7,0.364437685444444,9,61.8572222222222,9
"357","M12_8_Def","M","Def","M12",8,118.814285714286,6.92383778437191,40.265,7,6.396674881625,8,58.1675,8
"358","M12_8_Non","M","Non","M12",8,108.3,8.10185185185185,28.35,7,3.51888827225,8,61.412875,8
"359","M12_9_Def","M","Def","M12",9,110.857142857143,5.46448087431694,54.17,7,4.72135005671429,7,60.0351666666667,6
"360","M12_9_Non","M","Non","M12",9,122.05,8.56531049250535,18.72,4,3.743121655,7,65.2243333333333,6
"361","M13_1_Def","M","Def","M13",1,111.909090909091,6.17977528089888,44.21,11,1.58161123125,12,56.7749090909091,11
"362","M13_1_Non","M","Non","M13",1,129.963636363636,8,61.485,11,2.47743373391667,12,66.9811818181818,11
"363","M13_10_Def","M","Def","M13",10,128.211111111111,6.5406976744186,54.295,9,2.49318170044444,9,57.4992222222222,9
"364","M13_10_Non","M","Non","M13",10,125.544444444444,7.42574257425743,37.765,9,0.024748284,9,63.0765555555556,9
"365","M13_2_Def","M","Def","M13",2,119.4875,5.83090379008746,42.285,8,2.452431585625,8,63.575125,8
"366","M13_2_Non","M","Non","M13",2,116.7125,6.49350649350649,23.525,8,2.09334137875,8,65.34925,8
"367","M13_3_Def","M","Def","M13",3,121.633333333333,6.54545454545455,42.04,9,3.74788419855556,9,59.8104444444444,9
"368","M13_3_Non","M","Non","M13",3,115.811111111111,7.94351279788173,25.11,9,1.41204185566667,9,60.8826666666667,9
"369","M13_4_Def","M","Def","M13",4,117.96,6.92520775623269,50.34,10,3.0352175735,10,59.9452,10
"370","M13_4_Non","M","Non","M13",4,119.288888888889,7.39523418241578,43.84,9,0.2272780687,10,62.1717,10
"371","M13_5_Def","M","Def","M13",5,134.3,6.06060606060606,61.955,8,1.98831746788889,9,62.1812222222222,9
"372","M13_5_Non","M","Non","M13",5,130.488888888889,8.07899461400359,38.655,9,-3.38008056388889,9,64.6056666666667,9
"373","M13_6_Def","M","Def","M13",6,124.545454545455,6.63449939686369,55.79,11,3.351980039,12,61.7716363636364,11
"374","M13_6_Non","M","Non","M13",6,129.427272727273,7.82918149466192,40.89,11,2.32337170058333,12,67.7882727272727,11
"375","M13_7_Def","M","Def","M13",7,115.45,6.5252854812398,48.745,8,3.71775996766667,9,56.5668888888889,9
"376","M13_7_Non","M","Non","M13",7,132.5625,9.6969696969697,54.195,8,2.79892691966667,9,65.2188888888889,9
"377","M13_8_Def","M","Def","M13",8,123.6625,7.04225352112676,60.675,8,3.07928043475,8,62.05275,8
"378","M13_8_Non","M","Non","M13",8,124.4375,9.14285714285714,33.72,8,0.617238611125,8,65.1675,8
"379","M13_9_Def","M","Def","M13",9,118.485714285714,6.48148148148148,63.82,7,4.15307521257143,7,64.6083333333333,6
"380","M13_9_Non","M","Non","M13",9,133.157142857143,7.67543859649123,50.43,7,2.640401548,7,66.122,6
"381","M3_1_Def","M","Def","M3",1,125.7,7.35835172921266,45.865,10,7.53758494158333,12,59.7192727272727,11
"382","M3_1_Non","M","Non","M3",1,126.8,8.66141732283465,35.47,11,6.17032381958333,12,63.62,11
"383","M3_10_Def","M","Def","M3",10,129.6375,8,39.685,8,7.96322015177778,9,64.2523333333333,9
"384","M3_10_Non","M","Non","M3",10,118.6375,8.31600831600832,37.385,8,6.84269103188889,9,61.8835555555556,9
"385","M3_2_Def","M","Def","M3",2,113.7875,5.96125186289121,38.645,8,11.050532865375,8,62.645,8
"386","M3_2_Non","M","Non","M3",2,120.95,7.13648528099911,23.875,8,6.299679502375,8,65.182,8
"387","M3_3_Def","M","Def","M3",3,125.744444444444,7.63358778625954,36.83,9,14.2827233381111,9,61.8265555555556,9
"388","M3_3_Non","M","Non","M3",3,127.911111111111,2.45566166439291,41.59,9,4.93129914088889,9,60.0193333333333,9
"389","M3_4_Def","M","Def","M3",4,115.18,8.02568218298555,28.39,10,14.2005567275,10,63.3782,10
"390","M3_4_Non","M","Non","M3",4,118.23,8.75656742556918,21.66,10,7.9961975284,10,66.2307,10
"391","M3_5_Def","M","Def","M3",5,127.255555555556,7.9225352112676,35.975,9,7.64122680211111,9,61.7574444444444,9
"392","M3_5_Non","M","Non","M3",5,125.05,9.31315483119907,39.745,8,5.79666942644444,9,62.0123333333333,9
"393","M3_6_Def","M","Def","M3",6,122.55,7.20980533525595,33.99,10,10.0700918280833,12,63.0332727272727,11
"394","M3_6_Non","M","Non","M3",6,124.79,7.93021411578113,34.21,10,8.47994280675,12,65.5216363636364,11
"395","M3_7_Def","M","Def","M3",7,124.6125,7.09219858156028,23.965,8,7.34280924555556,9,59.0308888888889,9
"396","M3_7_Non","M","Non","M3",7,127.585714285714,7.45473908413206,20.375,7,6.50876229755556,9,62.6925555555556,9
"397","M3_8_Def","M","Def","M3",8,121.214285714286,8.06451612903226,38.93,7,8.500840850875,8,60.437125,8
"398","M3_8_Non","M","Non","M3",8,119.666666666667,7.11743772241993,34.43,6,6.05576330825,8,64.182625,8
"399","M3_9_Def","M","Def","M3",9,126.742857142857,7.67543859649123,70.245,7,10.6919979807143,7,64.8481666666667,6
"400","M3_9_Non","M","Non","M3",9,134.6,10.8695652173913,31.195,5,5.01155149528571,7,65.0901666666667,6
"401","M4_1_Def","M","Def","M4",1,122.55,7.89889415481833,18.93,10,3.24835241175,12,62.2329090909091,11
"402","M4_1_Non","M","Non","M4",1,133.254545454545,7.70847932725999,32.945,11,2.23557887708333,12,68.4474545454545,11
"403","M4_10_Def","M","Def","M4",10,121.911111111111,6.85975609756098,80.835,9,4.97706247155556,9,61.8534444444444,9
"404","M4_10_Non","M","Non","M4",10,129.95,7.72200772200772,21.55,8,0.0203704393333331,9,67.0354444444445,9
"405","M4_2_Def","M","Def","M4",2,136.8375,5.70206699928724,49.685,8,3.024598064875,8,62.54725,8
"406","M4_2_Non","M","Non","M4",2,135.7125,6.83176771989752,50.945,8,0.980326193375,8,68.005125,8
"407","M4_3_Def","M","Def","M4",3,131.488888888889,5.84415584415584,42.795,9,5.07061613766667,9,61.1755555555556,9
"408","M4_3_Non","M","Non","M4",3,135.8,7.01480904130943,47.215,9,3.58005565088889,9,64.7086666666667,9
"409","M4_4_Def","M","Def","M4",4,126.16,6.86341798215511,41.625,10,2.7663550315,10,65.6368,10
"410","M4_4_Non","M","Non","M4",4,126.64,7.96812749003984,28.86,10,0.3392370531,10,68.3525,10
"411","M4_5_Def","M","Def","M4",5,132.1375,6.82011935208866,29.245,8,1.011412911,9,64.5666666666667,9
"412","M4_5_Non","M","Non","M4",5,135.571428571429,7.86516853932584,29.1,7,-1.63174031733333,9,69.7988888888889,9
"413","M4_6_Def","M","Def","M4",6,128.733333333333,1.3869625520111,47.85,9,4.66325625991667,12,58.5859090909091,11
"414","M4_6_Non","M","Non","M4",6,124.2,7.2225869993434,21.85,11,2.75466445475,12,65.2172727272727,11
"415","M4_7_Def","M","Def","M4",7,124.35,7.40740740740741,50.135,8,0.708697495111111,9,61.5506666666667,9
"416","M4_7_Non","M","Non","M4",7,124.811111111111,7.8740157480315,29.095,9,2.24390957388889,9,66.4981111111111,9
"417","M4_8_Def","M","Def","M4",8,123.142857142857,8,74.955,7,1.324399217375,8,62.423,8
"418","M4_8_Non","M","Non","M4",8,126.4,9.18635170603675,26.34,7,2.8454023455,8,66.354,8
"419","M4_9_Def","M","Def","M4",9,123.2,1.12023898431665,44.855,6,6.340288526,7,62.9653333333333,6
"420","M4_9_Non","M","Non","M4",9,124.05,8.69565217391304,22.07,6,0.370905998571429,7,67.8263333333333,6
"421","M5_1_Def","M","Def","M5",1,133.6,5.76519916142558,66.62,11,4.5282518845,12,60.9781818181818,11
"422","M5_1_Non","M","Non","M5",1,142.636363636364,7.7683615819209,92.415,11,3.83425512108333,12,67.3318181818182,11
"423","M5_10_Def","M","Def","M5",10,142.488888888889,5.39892021595681,74.27,9,6.61369103633333,9,58.7131111111111,9
"424","M5_10_Non","M","Non","M5",10,136.988888888889,6.28053035589672,51.455,9,3.93847846277778,9,65.1511111111111,9
"425","M5_2_Def","M","Def","M5",2,142.175,5.48696844993141,81.79,8,3.65908292325,8,59.828,8
"426","M5_2_Non","M","Non","M5",2,155.4875,7.35294117647059,82.47,8,2.113829703375,8,64.771125,8
"427","M5_3_Def","M","Def","M5",3,153.188888888889,5,88.05,9,4.97559158166667,9,57.0585555555556,9
"428","M5_3_Non","M","Non","M5",3,149.366666666667,7.1656050955414,66.77,9,4.20519204133333,9,62.828,9
"429","M5_4_Def","M","Def","M5",4,121.03,5.68181818181818,58.85,10,5.2867788087,10,60.8686,10
"430","M5_4_Non","M","Non","M5",4,131.42,7.55287009063444,84.135,10,1.6557334504,10,66.2096,10
"431","M5_5_Def","M","Def","M5",5,160.744444444444,5.64263322884013,89.615,9,2.76214596211111,9,62.3625555555556,9
"432","M5_5_Non","M","Non","M5",5,152.411111111111,6.12244897959184,81.335,9,2.15958816255556,9,68.2416666666667,9
"433","M5_6_Def","M","Def","M5",6,139.063636363636,5.73215216258468,56.67,11,6.24692701158333,12,62.336,11
"434","M5_6_Non","M","Non","M5",6,154.8,6.79851668726823,98.675,11,4.189712414,12,67.0807272727273,11
"435","M5_7_Def","M","Def","M5",7,124.966666666667,5.69259962049336,78.59,9,3.18121866877778,9,59.4334444444444,9
"436","M5_7_Non","M","Non","M5",7,131.233333333333,6.54545454545455,54.545,9,2.01063313866667,9,64.564,9
"437","M5_8_Def","M","Def","M5",8,137.6625,5.96125186289121,53.625,8,6.4559979195,8,61.089125,8
"438","M5_8_Non","M","Non","M5",8,142.342857142857,6.82926829268293,56.02,7,2.75459134275,8,66.72175,8
"439","M5_9_Def","M","Def","M5",9,135.785714285714,4.87125956854558,70.16,7,4.42665138614286,7,61.329,6
"440","M5_9_Non","M","Non","M5",9,166.75,7.46268656716418,70.59,6,5.74403350771429,7,64.448,6
"441","M6_1_Def","M","Def","M6",1,112.845454545455,6.25711035267349,47.275,11,5.94987227516667,12,63.4201818181818,11
"442","M6_1_Non","M","Non","M6",1,107.872727272727,8.2089552238806,44.705,11,2.618680954,12,65.8332727272727,11
"443","M6_10_Def","M","Def","M6",10,131,5.61797752808989,43.655,7,3.23529019988889,9,60.203,9
"444","M6_10_Non","M","Non","M6",10,109.077777777778,7.36497545008183,37.4,9,1.964687578,9,61.2105555555556,9
"445","M6_2_Def","M","Def","M6",2,116.65,5.88235294117647,22.055,8,8.983779574125,8,63.770875,8
"446","M6_2_Non","M","Non","M6",2,117.2625,7.44186046511628,39.28,8,2.9467683105,8,67.15325,8
"447","M6_3_Def","M","Def","M6",3,121.8,6.56934306569343,37.26,9,12.5207058165556,9,58.3182222222222,9
"448","M6_3_Non","M","Non","M6",3,102.5,6.78221552373775,50.965,9,3.324473427,9,63.058,9
"449","M6_4_Def","M","Def","M6",4,115.13,6.46830530401035,57.31,10,7.2386007555,10,63.9934,10
"450","M6_4_Non","M","Non","M6",4,107.13,7.98084596967279,52.765,10,1.3372571773,10,67.4832,10
"451","M6_5_Def","M","Def","M6",5,129.9,6.3875088715401,76.305,9,6.47706187877778,9,61.0055555555556,9
"452","M6_5_Non","M","Non","M6",5,118.725,6.99300699300699,57.445,8,2.13671069466667,9,63.5838888888889,9
"453","M6_6_Def","M","Def","M6",6,124.163636363636,5.7925223802001,48.665,11,8.99491178283333,12,62.6844545454545,11
"454","M6_6_Non","M","Non","M6",6,112.98,7.78210116731518,43.74,10,1.90560176775,12,65.9596363636364,11
"455","M6_7_Def","M","Def","M6",7,118.9125,6.26959247648903,67.7,8,6.56583426055556,9,61.8746666666667,9
"456","M6_7_Non","M","Non","M6",7,108.275,7.17488789237668,54.465,8,2.89333962477778,9,64.3328888888889,9
"457","M6_8_Def","M","Def","M6",8,132.15,6.84931506849315,52.735,8,7.816244365875,8,62.99675,8
"458","M6_8_Non","M","Non","M6",8,117.671428571429,9.48509485094851,28.3,7,4.039209365625,8,62.706,8
"459","M6_9_Def","M","Def","M6",9,131.616666666667,6.25,43.555,6,6.36771310285714,7,64.858,6
"460","M6_9_Non","M","Non","M6",9,115.966666666667,7.61421319796954,44.385,6,2.30786938414286,7,66.812,6
"461","M7_1_Def","M","Def","M7",1,140.8,6.9620253164557,81.61,11,1.35282115491667,12,65.7290909090909,11
"462","M7_1_Non","M","Non","M7",1,153.809090909091,8.3969465648855,122.945,11,3.65213408658333,12,64.8739090909091,11
"463","M7_10_Def","M","Def","M7",10,137.644444444444,6.47482014388489,74.765,9,2.72688252677778,9,63.3127777777778,9
"464","M7_10_Non","M","Non","M7",10,153.455555555556,7.81928757602085,78.98,9,2.13832711122222,9,66.7734444444445,9
"465","M7_2_Def","M","Def","M7",2,136.5125,5.54785020804438,60.545,8,-1.989919298,8,65.65775,8
"466","M7_2_Non","M","Non","M7",2,136.75,6.66111573688593,82.3,8,0.65217509475,8,66.5935,8
"467","M7_3_Def","M","Def","M7",3,157.033333333333,6.9390902081727,85.3,9,4.02972728333333,9,65.9986666666667,9
"468","M7_3_Non","M","Non","M7",3,133.166666666667,6.71140939597316,52.175,9,2.258585979,9,68.7945555555556,9
"469","M7_4_Def","M","Def","M7",4,126.67,7.44047619047619,75.175,10,0.890276737,10,66.5453,10
"470","M7_4_Non","M","Non","M7",4,162.86,8.34028356964137,94.825,10,-0.0614379696000003,10,71.2719,10
"471","M7_5_Def","M","Def","M7",5,163.744444444444,8.54700854700855,73.57,9,2.05334479433333,9,67.5412222222222,9
"472","M7_5_Non","M","Non","M7",5,153.922222222222,7.09219858156028,69.81,9,0.705918773222222,9,66.8552222222222,9
"473","M7_6_Def","M","Def","M7",6,138.472727272727,7.18484650555193,52.71,11,1.31046488858333,12,64.1955454545455,11
"474","M7_6_Non","M","Non","M7",6,172.354545454545,7.66016713091922,86.065,11,3.84375606058333,12,70.7311818181818,11
"475","M7_7_Def","M","Def","M7",7,141.9,7.35294117647059,66.48,9,5.63810468688889,9,66.0318888888889,9
"476","M7_7_Non","M","Non","M7",7,158.316666666667,11.4285714285714,72.005,6,4.23488454477778,9,62.4704444444444,9
"477","M7_8_Def","M","Def","M7",8,148.675,7.88954635108481,72.635,8,4.64190405075,8,65.607875,8
"478","M7_8_Non","M","Non","M7",8,143.675,9.56937799043062,57.705,8,0.794066441,8,66.40225,8
"479","M7_9_Def","M","Def","M7",9,140.642857142857,6.51162790697674,79.01,7,0.193351176285714,7,66.132,6
"480","M7_9_Non","M","Non","M7",9,166.583333333333,7.15137067938022,60.49,6,4.61182267657143,7,67.3973333333333,6
"481","M8_1_Def","M","Def","M8",1,104.736363636364,7.48299319727891,47.07,11,3.749272159,12,62.2548181818182,11
"482","M8_1_Non","M","Non","M8",1,100.836363636364,8.792965627498,33.825,11,0.6536428855,12,64.2817272727273,11
"483","M8_10_Def","M","Def","M8",10,104.5375,6.91443388072602,33.605,8,3.053375555,9,59.0497777777778,9
"484","M8_10_Non","M","Non","M8",10,112.466666666667,7.35294117647059,39.365,9,2.82199880911111,9,64.2687777777778,9
"485","M8_2_Def","M","Def","M8",2,99.9,5.63153660498793,26.395,7,3.541642263625,8,59.168,8
"486","M8_2_Non","M","Non","M8",2,105.1875,7.98403193612774,25.93,8,-0.563778599375,8,63.29725,8
"487","M8_3_Def","M","Def","M8",3,107.988888888889,6.66666666666667,34.11,9,4.61497288588889,9,58.3798888888889,9
"488","M8_3_Non","M","Non","M8",3,104.5,7.95755968169761,36.05,9,4.36432066522222,9,63.7851111111111,9
"489","M8_4_Def","M","Def","M8",4,99.69,7.98722044728434,34.905,10,3.7085494231,10,60.9775,10
"490","M8_4_Non","M","Non","M8",4,100.04,8.16326530612245,41.635,10,-0.886829468,10,65.2046,10
"491","M8_5_Def","M","Def","M8",5,114.6125,6.66111573688593,34.065,8,3.66822012855556,9,59.8171111111111,9
"492","M8_5_Non","M","Non","M8",5,112.211111111111,8.48256361922714,36.255,9,1.420137966,9,65.9573333333333,9
"493","M8_6_Def","M","Def","M8",6,94.6272727272727,8.10611643330877,14.515,11,4.59362520441667,12,60.8300909090909,11
"494","M8_6_Non","M","Non","M8",6,107.418181818182,8.07043286867205,34.915,11,2.39127270916667,12,64.6252727272727,11
"495","M8_7_Def","M","Def","M8",7,101.614285714286,7.88288288288288,25.52,7,0.822519102,9,61.3572222222222,9
"496","M8_7_Non","M","Non","M8",7,103.477777777778,7.32899022801303,44.825,9,1.52427573788889,9,65.0841111111111,9
"497","M8_8_Def","M","Def","M8",8,97.65,9.03954802259887,29.345,8,5.147644930125,8,60.396,8
"498","M8_8_Non","M","Non","M8",8,99.3714285714286,7.83874580067189,43.25,7,0.114714433125,8,63.76575,8
"499","M8_9_Def","M","Def","M8",9,105.257142857143,8.26446280991736,30.62,7,2.80867710528571,7,62.508,6
"500","M8_9_Non","M","Non","M8",9,115.085714285714,7.26895119418484,42.565,7,0.809466400571428,7,66.4521666666667,6
